AF-200-1.png,AE03
AF-200-2.png,AE03
AF-201-1.png,AE05
AF-201-2.png,AE05
AF-202-1.png,AE02
AF-202-2.png,AE01
AF-203-1.png,AE03
AF-203-2.png,AE03
AF-204-1.png,AE03
AF-204-2.png,AE03
AF-205-1.png,AE03
AF-205-2.png,AE03
AF-206-1.png,AE05
AF-206-2.png,AE05
AF-207-1.png,AE01
AF-207-2.png,AE11
AF-208-1.png,AE01
AF-208-2.png,AE01
AF-209-1.png,AE01
AF-209-2.png,AE01
AF-210-1.png,AE01
AF-210-2.png,AE01
AF-211-1.png,AE05
AF-211-2.png,AE05
AF-212-1.png,AE07
AF-212-2.png,AE01
AF-213-1.png,AE06
AF-213-2.png,AE06
AF-214-1.png,AE06
AF-214-2.png,AE05
AF-215-1.png,AE06
AF-215-2.png,AE06
AF-216-1.png,AE10
AF-216-2.png,AE02
AF-217-1.png,AE05
AF-217-2.png,AE02
AF-218-1.png,AE02
AF-218-2.png,AE01
AF-219-1.png,AE02
AF-219-2.png,AE02
AF-220-1.png,AE07
AF-220-2.png,AE07
AF-221-1.png,AE07
AF-221-2.png,AE07
AF-222-1.png,AE07
AF-222-2.png,AE07
AF-223-1.png,AE06
AF-223-2.png,AE06
AF-224-1.png,AE06
AF-224-2.png,AE05
AF-225-1.png,AE05
AF-225-2.png,AE05
AF-226-1.png,AE02
AF-226-2.png,AE02
AF-227-1.png,AE02
AF-227-2.png,AE02
AF-228-1.png,AE03
AF-228-2.png,AE03
AF-229-1.png,AE01
AF-229-2.png,AE01
AF-230-1.png,AE03
AF-230-2.png,AE03
AF-231-1.png,AE03
AF-231-2.png,AE01
AF-232-1.png,AE12
AF-232-2.png,AE09
AF-233-1.png,AE06
AF-233-2.png,AE02
AF-234-1.png,AE06
AF-234-2.png,AE02
AF-235-1.png,AE06
AF-235-2.png,AE06
AF-236-1.png,AE06
AF-236-2.png,AE03
AF-237-1.png,AE03
AF-237-2.png,AE03
AF-238-1.png,AE06
AF-238-2.png,AE03
AF-239-1.png,AE03
AF-239-2.png,AE02
AF-240-1.png,AE06
AF-240-2.png,AE02
AF-241-1.png,AE02
AF-241-2.png,AE02
AF-242-1.png,AE03
AF-242-2.png,AE07
AF-243-1.png,AE03
AF-243-2.png,AE03
AF-244-1.png,AE07
AF-244-2.png,AE07
AF-245-1.png,AE03
AF-245-2.png,AE03
AF-246-1.png,AE05
AF-246-2.png,AE05
AF-247-1.png,AE02
AF-247-2.png,AE02
AF-248-1.png,AE01
AF-248-2.png,AE01
AF-249-1.png,AE01
AF-249-2.png,AE07
AF-250-1.png,AE07
AF-250-2.png,AE01
AF-251-1.png,AE01
AF-251-2.png,AE01
AF-252-1.png,AE01
AF-252-2.png,AE01
AF-253-1.png,AE09
AF-253-2.png,AE05
AF-254-1.png,AE07
AF-254-2.png,AE01
AF-255-1.png,AE03
AF-255-2.png,AE03
AF-256-1.png,AE03
AF-256-2.png,AE03
AM-201-1.png,AE12
AM-201-2.png,AE12
AM-202-1.png,AE08
AM-202-2.png,AE11
AM-203-1.png,AE06
AM-203-2.png,AE04
AM-204-1.png,AE02
AM-204-2.png,AE02
AM-205-1.png,AE05
AM-205-2.png,AE05
AM-206-1.png,AE09
AM-206-2.png,AE04
AM-207-1.png,AE05
AM-207-2.png,AE04
AM-208-1.png,AE01
AM-208-2.png,AE01
AM-209-1.png,AE04
AM-209-2.png,AE04
AM-210-1.png,AE04
AM-210-2.png,AE04
AM-211-1.png,AE11
AM-211-2.png,AE11
AM-212-1.png,AE11
AM-212-2.png,AE11
AM-213-1.png,AE09
AM-213-2.png,AE09
AM-214-1.png,AE11
AM-214-2.png,AE11
AM-215-1.png,AE04
AM-215-2.png,AE04
AM-216-1.png,AE08
AM-216-2.png,AE08
AM-217-1.png,AE10
AM-217-2.png,AE10
AM-218-1.png,AE06
AM-218-2.png,AE04
AM-219-1.png,AE10
AM-219-2.png,AE08
AM-220-1.png,AE02
AM-220-2.png,AE02
AM-221-1.png,AE04
AM-221-2.png,AE04
AM-223-1.png,AE02
AM-223-2.png,AE01
AM-224-1.png,AE04
AM-224-2.png,AE04
AM-225-1.png,AE08
AM-225-2.png,AE08
AM-226-1.png,AE07
AM-226-2.png,AE01
AM-227-1.png,AE05
AM-227-2.png,AE05
AM-228-1.png,AE06
AM-228-2.png,AE06
AM-229-1.png,AE04
AM-229-2.png,AE05
AM-230-1.png,AE09
AM-230-2.png,AE09
AM-231-1.png,AE12
AM-231-2.png,AE04
AM-232-1.png,AE08
AM-232-2.png,AE08
AM-233-1.png,AE09
AM-233-2.png,AE04
AM-234-1.png,AE06
AM-234-2.png,AE02
AM-235-1.png,AE08
AM-235-2.png,AE08
AM-236-1.png,AE02
AM-236-2.png,AE02
AM-237-1.png,AE06
AM-237-2.png,AE04
AM-238-1.png,AE12
AM-238-2.png,AE12
AM-239-1.png,AE05
AM-239-2.png,AE05
AM-240-1.png,AE12
AM-240-2.png,AE05
AM-241-1.png,AE10
AM-241-2.png,AE04
AM-242-1.png,AE09
AM-242-2.png,AE05
AM-243-1.png,AE10
AM-243-2.png,AE10
AM-244-1.png,AE01
AM-244-2.png,AE01
AM-245-1.png,AE10
AM-245-2.png,AE08
AM-246-1.png,AE10
AM-246-2.png,AE02
AM-247-1.png,AE04
AM-247-2.png,AE04
AM-248-1.png,AE04
AM-248-2.png,AE02
AM-249-1.png,AE02
AM-249-2.png,AE01
AM-250-1.png,AE07
AM-250-2.png,AE07
AM-251-1.png,AE08
AM-251-2.png,AE08
AM-252-1.png,AE04
AM-252-2.png,AE04
AM-253-1.png,AE01
AM-253-2.png,AE01
