AF-200-1.png,AB03
AF-200-2.png,AB03
AF-201-1.png,AB01
AF-201-2.png,AB09
AF-202-1.png,AB02
AF-202-2.png,AB05
AF-203-1.png,AB09
AF-203-2.png,AB09
AF-204-1.png,AB01
AF-204-2.png,AB03
AF-205-1.png,AB03
AF-205-2.png,AB02
AF-206-1.png,AB03
AF-206-2.png,AB01
AF-207-1.png,AB08
AF-207-2.png,AB08
AF-208-1.png,AB05
AF-208-2.png,AB05
AF-209-1.png,AB05
AF-209-2.png,AB05
AF-210-1.png,AB02
AF-210-2.png,AB05
AF-211-1.png,AB06
AF-211-2.png,AB02
AF-212-1.png,AB01
AF-212-2.png,AB01
AF-213-1.png,AB03
AF-213-2.png,AB03
AF-214-1.png,AB01
AF-214-2.png,AB01
AF-215-1.png,AB01
AF-215-2.png,AB03
AF-216-1.png,AB01
AF-216-2.png,AB02
AF-217-1.png,AB03
AF-217-2.png,AB03
AF-218-1.png,AB02
AF-218-2.png,AB05
AF-219-1.png,AB02
AF-219-2.png,AB02
AF-220-1.png,AB01
AF-220-2.png,AB02
AF-221-1.png,AB01
AF-221-2.png,AB07
AF-222-1.png,AB01
AF-222-2.png,AB01
AF-223-1.png,AB07
AF-223-2.png,AB07
AF-224-1.png,AB01
AF-224-2.png,AB01
AF-225-1.png,AB03
AF-225-2.png,AB03
AF-226-1.png,AB01
AF-226-2.png,AB01
AF-227-1.png,AB07
AF-227-2.png,AB07
AF-228-1.png,AB09
AF-228-2.png,AB03
AF-229-1.png,AB02
AF-229-2.png,AB02
AF-230-1.png,AB01
AF-230-2.png,AB01
AF-231-1.png,AB03
AF-231-2.png,AB07
AF-232-1.png,AB03
AF-232-2.png,AB03
AF-233-1.png,AB01
AF-233-2.png,AB01
AF-234-1.png,AB09
AF-234-2.png,AB09
AF-235-1.png,AB03
AF-235-2.png,AB03
AF-236-1.png,AB01
AF-236-2.png,AB01
AF-237-1.png,AB07
AF-237-2.png,AB07
AF-238-1.png,AB03
AF-238-2.png,AB03
AF-239-1.png,AB01
AF-239-2.png,AB01
AF-240-1.png,AB01
AF-240-2.png,AB02
AF-241-1.png,AB07
AF-241-2.png,AB07
AF-242-1.png,AB09
AF-242-2.png,AB07
AF-243-1.png,AB01
AF-243-2.png,AB07
AF-244-1.png,AB01
AF-244-2.png,AB01
AF-245-1.png,AB03
AF-245-2.png,AB03
AF-246-1.png,AB01
AF-246-2.png,AB01
AF-247-1.png,AB05
AF-247-2.png,AB05
AF-248-1.png,AB05
AF-248-2.png,AB05
AF-249-1.png,AB07
AF-249-2.png,AB07
AF-250-1.png,AB04
AF-250-2.png,AB04
AF-251-1.png,AB05
AF-251-2.png,AB05
AF-252-1.png,AB02
AF-252-2.png,AB04
AF-253-1.png,AB01
AF-253-2.png,AB02
AF-254-1.png,AB05
AF-254-2.png,AB05
AF-255-1.png,AB01
AF-255-2.png,AB01
AF-256-1.png,AB03
AF-256-2.png,AB03
AM-201-1.png,AB03
AM-201-2.png,AB06
AM-202-1.png,AB11
AM-202-2.png,AB11
AM-203-1.png,AB04
AM-203-2.png,AB04
AM-204-1.png,AB02
AM-204-2.png,AB05
AM-205-1.png,AB06
AM-205-2.png,AB06
AM-206-1.png,AB02
AM-206-2.png,AB08
AM-207-1.png,AB06
AM-207-2.png,AB02
AM-208-1.png,AB04
AM-208-2.png,AB04
AM-209-1.png,AB02
AM-209-2.png,AB02
AM-210-1.png,AB02
AM-210-2.png,AB02
AM-211-1.png,AB08
AM-211-2.png,AB11
AM-212-1.png,AB08
AM-212-2.png,AB08
AM-213-1.png,AB02
AM-213-2.png,AB02
AM-214-1.png,AB10
AM-214-2.png,AB10
AM-215-1.png,AB02
AM-215-2.png,AB02
AM-216-1.png,AB08
AM-216-2.png,AB08
AM-217-1.png,AB05
AM-217-2.png,AB05
AM-218-1.png,AB01
AM-218-2.png,AB01
AM-219-1.png,AB04
AM-219-2.png,AB04
AM-220-1.png,AB02
AM-220-2.png,AB02
AM-221-1.png,AB02
AM-221-2.png,AB02
AM-223-1.png,AB06
AM-223-2.png,AB04
AM-224-1.png,AB02
AM-224-2.png,AB02
AM-225-1.png,AB08
AM-225-2.png,AB08
AM-226-1.png,AB04
AM-226-2.png,AB04
AM-227-1.png,AB06
AM-227-2.png,AB06
AM-228-1.png,AB02
AM-228-2.png,AB02
AM-229-1.png,AB02
AM-229-2.png,AB02
AM-230-1.png,AB01
AM-230-2.png,AB01
AM-231-1.png,AB06
AM-231-2.png,AB06
AM-232-1.png,AB05
AM-232-2.png,AB05
AM-233-1.png,AB07
AM-233-2.png,AB07
AM-234-1.png,AB01
AM-234-2.png,AB07
AM-235-1.png,AB10
AM-235-2.png,AB10
AM-236-1.png,AB06
AM-236-2.png,AB06
AM-237-1.png,AB09
AM-237-2.png,AB04
AM-238-1.png,AB03
AM-238-2.png,AB03
AM-239-1.png,AB01
AM-239-2.png,AB01
AM-240-1.png,AB06
AM-240-2.png,AB06
AM-241-1.png,AB04
AM-241-2.png,AB04
AM-242-1.png,AB06
AM-242-2.png,AB06
AM-243-1.png,AB04
AM-243-2.png,AB04
AM-244-1.png,AB04
AM-244-2.png,AB04
AM-245-1.png,AB04
AM-245-2.png,AB04
AM-246-1.png,AB04
AM-246-2.png,AB04
AM-247-1.png,AB06
AM-247-2.png,AB06
AM-248-1.png,AB04
AM-248-2.png,AB02
AM-249-1.png,AB08
AM-249-2.png,AB05
AM-250-1.png,AB05
AM-250-2.png,AB05
AM-251-1.png,AB08
AM-251-2.png,AB08
AM-252-1.png,AB02
AM-252-2.png,AB02
AM-253-1.png,AB08
AM-253-2.png,AB08
