AF-200.png,AM06
AF-201.png,AM06
AF-202.png,AM07
AF-203.png,AM06
AF-204.png,AM02
AF-205.png,AM04
AF-206.png,AM03
AF-207.png,AM04
AF-208.png,AM04
AF-209.png,AM01
AF-210.png,AM02
AF-211.png,AM04
AF-212.png,AM06
AF-213.png,AM03
AF-214.png,AM01
AF-215.png,AM02
AF-216.png,AM06
AF-217.png,AM03
AF-218.png,AM05
AF-219.png,AM02
AF-220.png,AM04
AF-221.png,AM01
AF-222.png,AM01
AF-223.png,AM01
AF-224.png,AM05
AF-225.png,AM02
AF-226.png,AM01
AF-227.png,AM05
AF-228.png,AM01
AF-229.png,AM07
AF-230.png,AM02
AF-231.png,AM05
AF-232.png,AM01
AF-233.png,AM06
AF-234.png,AM05
AF-235.png,AM07
AF-236.png,AM06
AF-237.png,AM03
AF-238.png,AM01
AF-239.png,AM03
AF-240.png,AM02
AF-241.png,AM01
AF-242.png,AM01
AF-243.png,AM07
AF-244.png,AM08
AF-245.png,AM03
AF-246.png,AM08
AF-247.png,AM05
AF-248.png,AM07
AF-249.png,AM06
AF-250.png,AM01
AF-251.png,AM08
AF-252.png,AM03
AF-253.png,AM03
AF-254.png,AM03
AF-255.png,AM01
AF-256.png,AM04
AM-201.png,AM06
AM-202.png,AM02
AM-203.png,AM06
AM-204.png,AM05
AM-205.png,AM01
AM-206.png,AM01
AM-207.png,AM08
AM-208.png,AM02
AM-209.png,AM02
AM-210.png,AM06
AM-211.png,AM10
AM-212.png,AM02
AM-213.png,AM04
AM-214.png,AM09
AM-215.png,AM03
AM-216.png,AM03
AM-217.png,AM10
AM-218.png,AM01
AM-219.png,AM02
AM-220.png,AM05
AM-221.png,AM02
AM-223.png,AM02
AM-224.png,AM04
AM-225.png,AM04
AM-226.png,AM04
AM-227.png,AM04
AM-228.png,AM01
AM-229.png,AM07
AM-230.png,AM01
AM-231.png,AM03
AM-232.png,AM02
AM-233.png,AM02
AM-234.png,AM01
AM-235.png,AM09
AM-236.png,AM05
AM-237.png,AM02
AM-238.png,AM03
AM-239.png,AM01
AM-240.png,AM04
AM-241.png,AM03
AM-242.png,AM01
AM-243.png,AM05
AM-244.png,AM04
AM-245.png,AM02
AM-246.png,AM01
AM-247.png,AM02
AM-248.png,AM01
AM-249.png,AM02
AM-250.png,AM02
AM-251.png,AM05
AM-252.png,AM05
AM-253.png,AM02
