AF-200.png,AN04
AF-201.png,AN02
AF-202.png,AN06
AF-203.png,AN02
AF-204.png,AN02
AF-205.png,AN02
AF-206.png,AN02
AF-207.png,AN07
AF-208.png,AN06
AF-209.png,AN06
AF-210.png,AN07
AF-211.png,AN02
AF-212.png,AN04
AF-213.png,AN02
AF-214.png,AN01
AF-215.png,AN02
AF-216.png,AN02
AF-217.png,AN01
AF-218.png,AN03
AF-219.png,AN02
AF-220.png,AN03
AF-221.png,AN01
AF-222.png,AN04
AF-223.png,AN05
AF-224.png,AN04
AF-225.png,AN01
AF-226.png,AN02
AF-227.png,AN01
AF-228.png,AN02
AF-229.png,AN02
AF-230.png,AN04
AF-231.png,AN02
AF-232.png,AN01
AF-233.png,AN02
AF-234.png,AN01
AF-235.png,AN02
AF-236.png,AN02
AF-237.png,AN02
AF-238.png,AN01
AF-239.png,AN01
AF-240.png,AN01
AF-241.png,AN01
AF-242.png,AN01
AF-243.png,AN01
AF-244.png,AN04
AF-245.png,AN04
AF-246.png,AN04
AF-247.png,AN01
AF-248.png,AN07
AF-249.png,AN01
AF-250.png,AN03
AF-251.png,AN07
AF-252.png,AN01
AF-253.png,AN02
AF-254.png,AN03
AF-255.png,AN04
AF-256.png,AN01
AM-201.png,AN02
AM-202.png,AN08
AM-203.png,AN01
AM-204.png,AN02
AM-205.png,AN01
AM-206.png,AN03
AM-207.png,AN05
AM-208.png,AN03
AM-209.png,AN06
AM-210.png,AN02
AM-211.png,AN07
AM-212.png,AN08
AM-213.png,AN02
AM-214.png,AN08
AM-215.png,AN03
AM-216.png,AN03
AM-217.png,AN03
AM-218.png,AN01
AM-219.png,AN05
AM-220.png,AN02
AM-221.png,AN03
AM-223.png,AN03
AM-224.png,AN06
AM-225.png,AN03
AM-226.png,AN03
AM-227.png,AN05
AM-228.png,AN01
AM-229.png,AN04
AM-230.png,AN01
AM-231.png,AN05
AM-232.png,AN05
AM-233.png,AN05
AM-234.png,AN02
AM-235.png,AN03
AM-236.png,AN05
AM-237.png,AN01
AM-238.png,AN01
AM-239.png,AN01
AM-240.png,AN01
AM-241.png,AN05
AM-242.png,AN01
AM-243.png,AN03
AM-244.png,AN03
AM-245.png,AN03
AM-246.png,AN05
AM-247.png,AN05
AM-248.png,AN03
AM-249.png,AN04
AM-250.png,AN03
AM-251.png,AN03
AM-252.png,AN02
AM-253.png,AN03
