LF-200-1.png,LE05
LF-200-2.png,LE05
LF-201-1.png,LE04
LF-201-2.png,LE04
LF-202-1.png,LE01
LF-202-2.png,LE01
LF-203-1.png,LE04
LF-203-2.png,LE04
LF-204-1.png,LE04
LF-204-2.png,LE05
LF-205-1.png,LE04
LF-205-2.png,LE04
LF-206-1.png,LE03
LF-206-2.png,LE08
LF-207-1.png,LE12
LF-207-2.png,LE12
LF-208-1.png,LE05
LF-208-2.png,LE05
LF-209-1.png,LE08
LF-209-2.png,LE08
LF-210-1.png,LE04
LF-210-2.png,LE04
LF-211-1.png,LE04
LF-211-2.png,LE04
LF-212-1.png,LE05
LF-212-2.png,LE05
LF-213-1.png,LE02
LF-213-2.png,LE02
LF-214-1.png,LE02
LF-214-2.png,LE10
LF-215-1.png,LE08
LF-215-2.png,LE02
LF-216-1.png,LE04
LF-216-2.png,LE08
LF-217-1.png,LE04
LF-217-2.png,LE02
LF-218-1.png,LE08
LF-218-2.png,LE08
LF-219-1.png,LE04
LF-219-2.png,LE04
LF-220-1.png,LE01
LF-220-2.png,LE01
LF-221-1.png,LE08
LF-221-2.png,LE08
LF-222-1.png,LE02
LF-222-2.png,LE02
LF-223-1.png,LE04
LF-223-2.png,LE04
LF-224-1.png,LE05
LF-224-2.png,LE05
LF-225-1.png,LE05
LF-225-2.png,LE02
LF-226-1.png,LE05
LF-226-2.png,LE10
LF-227-1.png,LE01
LF-227-2.png,LE01
LF-228-1.png,LE04
LF-228-2.png,LE02
LF-229-1.png,LE03
LF-229-2.png,LE08
LF-230-1.png,LE01
LF-230-2.png,LE01
LF-231-1.png,LE05
LF-231-2.png,LE05
LF-232-1.png,LE04
LF-232-2.png,LE04
LF-233-1.png,LE06
LF-233-2.png,LE06
LF-234-1.png,LE01
LF-234-2.png,LE01
LF-235-1.png,LE01
LF-235-2.png,LE01
LF-236-1.png,LE01
LF-236-2.png,LE03
LF-237-1.png,LE01
LF-237-2.png,LE01
LF-238-1.png,LE01
LF-238-2.png,LE01
LF-239-1.png,LE04
LF-239-2.png,LE08
LF-240-1.png,LE01
LF-240-2.png,LE01
LF-241-1.png,LE03
LF-241-2.png,LE08
LF-242-1.png,LE06
LF-242-2.png,LE06
LF-243-1.png,LE08
LF-243-2.png,LE04
LF-244-1.png,LE06
LF-244-2.png,LE08
LF-245-1.png,LE04
LF-245-2.png,LE08
LF-246-1.png,LE03
LF-246-2.png,LE03
LF-247-1.png,LE03
LF-247-2.png,LE03
LF-248-1.png,LE06
LF-248-2.png,LE06
LF-249-1.png,LE04
LF-249-2.png,LE05
LF-250-1.png,LE06
LF-250-2.png,LE06
LF-251-1.png,LE02
LF-251-2.png,LE10
LF-252-1.png,LE05
LF-252-2.png,LE05
LF-253-1.png,LE03
LF-253-2.png,LE03
LF-254-1.png,LE05
LF-254-2.png,LE05
LF-255-1.png,LE10
LF-255-2.png,LE12
LM-200-1.png,LE07
LM-200-2.png,LE07
LM-201-1.png,LE07
LM-201-2.png,LE02
LM-202-1.png,LE02
LM-202-2.png,LE09
LM-203-1.png,LE01
LM-203-2.png,LE01
LM-204-1.png,LE01
LM-204-2.png,LE02
LM-206-1.png,LE01
LM-206-2.png,LE01
LM-207-1.png,LE02
LM-207-2.png,LE02
LM-208-1.png,LE01
LM-208-2.png,LE01
LM-209-1.png,LE06
LM-209-2.png,LE02
LM-210-1.png,LE03
LM-210-2.png,LE02
LM-211-1.png,LE05
LM-211-2.png,LE10
LM-212-1.png,LE06
LM-212-2.png,LE03
LM-213-1.png,LE09
LM-213-2.png,LE09
LM-214-1.png,LE03
LM-214-2.png,LE03
LM-215-1.png,LE01
LM-215-2.png,LE06
LM-216-1.png,LE02
LM-216-2.png,LE02
LM-217-1.png,LE07
LM-217-2.png,LE07
LM-218-1.png,LE01
LM-218-2.png,LE01
LM-219-1.png,LE02
LM-219-2.png,LE03
LM-220-1.png,LE11
LM-220-2.png,LE11
LM-221-1.png,LE02
LM-221-2.png,LE02
LM-222-1.png,LE07
LM-222-2.png,LE07
LM-223-1.png,LE03
LM-223-2.png,LE09
LM-224-1.png,LE02
LM-224-2.png,LE02
LM-225-1.png,LE07
LM-225-2.png,LE07
LM-226-1.png,LE11
LM-226-2.png,LE11
LM-227-1.png,LE01
LM-227-2.png,LE03
LM-228-1.png,LE01
LM-228-2.png,LE03
LM-229-1.png,LE01
LM-229-2.png,LE01
LM-230-1.png,LE03
LM-230-2.png,LE03
LM-231-1.png,LE01
LM-231-2.png,LE01
LM-232-1.png,LE06
LM-232-2.png,LE03
LM-233-1.png,LE01
LM-233-2.png,LE03
LM-234-1.png,LE03
LM-234-2.png,LE03
LM-235-1.png,LE07
LM-235-2.png,LE07
LM-236-1.png,LE09
LM-236-2.png,LE09
LM-237-1.png,LE01
LM-237-2.png,LE01
LM-238-1.png,LE01
LM-238-2.png,LE01
LM-239-1.png,LE06
LM-239-2.png,LE01
LM-240-1.png,LE11
LM-240-2.png,LE01
LM-241-1.png,LE03
LM-241-2.png,LE03
LM-242-1.png,LE10
LM-242-2.png,LE10
LM-243-1.png,LE02
LM-243-2.png,LE02
LM-244-1.png,LE01
LM-244-2.png,LE01
LM-246-1.png,LE09
LM-246-2.png,LE09
LM-247-1.png,LE09
LM-247-2.png,LE09
LM-248-1.png,LE07
LM-248-2.png,LE01
LM-249-1.png,LE01
LM-249-2.png,LE01
LM-250-1.png,LE07
LM-250-2.png,LE07
LM-251-1.png,LE07
LM-251-2.png,LE07
LM-252-1.png,LE06
LM-252-2.png,LE02
LM-253-1.png,LE06
LM-253-2.png,LE06
