LF-200-1.png,LB05
LF-200-2.png,LB07
LF-201-1.png,LB03
LF-201-2.png,LB03
LF-202-1.png,LB06
LF-202-2.png,LB06
LF-203-1.png,LB04
LF-203-2.png,LB04
LF-204-1.png,LB04
LF-204-2.png,LB03
LF-205-1.png,LB05
LF-205-2.png,LB05
LF-206-1.png,LB01
LF-206-2.png,LB01
LF-207-1.png,LB07
LF-207-2.png,LB07
LF-208-1.png,LB04
LF-208-2.png,LB04
LF-209-1.png,LB10
LF-209-2.png,LB09
LF-210-1.png,LB09
LF-210-2.png,LB09
LF-211-1.png,LB05
LF-211-2.png,LB05
LF-212-1.png,LB06
LF-212-2.png,LB06
LF-213-1.png,LB02
LF-213-2.png,LB02
LF-214-1.png,LB01
LF-214-2.png,LB08
LF-215-1.png,LB02
LF-215-2.png,LB02
LF-216-1.png,LB04
LF-216-2.png,LB01
LF-217-1.png,LB01
LF-217-2.png,LB01
LF-218-1.png,LB04
LF-218-2.png,LB01
LF-219-1.png,LB09
LF-219-2.png,LB03
LF-220-1.png,LB03
LF-220-2.png,LB03
LF-221-1.png,LB03
LF-221-2.png,LB02
LF-222-1.png,LB03
LF-222-2.png,LB03
LF-223-1.png,LB03
LF-223-2.png,LB09
LF-224-1.png,LB04
LF-224-2.png,LB01
LF-225-1.png,LB01
LF-225-2.png,LB01
LF-226-1.png,LB06
LF-226-2.png,LB01
LF-227-1.png,LB05
LF-227-2.png,LB05
LF-228-1.png,LB06
LF-228-2.png,LB09
LF-229-1.png,LB03
LF-229-2.png,LB03
LF-230-1.png,LB05
LF-230-2.png,LB09
LF-231-1.png,LB01
LF-231-2.png,LB01
LF-232-1.png,LB03
LF-232-2.png,LB03
LF-233-1.png,LB06
LF-233-2.png,LB06
LF-234-1.png,LB05
LF-234-2.png,LB03
LF-235-1.png,LB06
LF-235-2.png,LB06
LF-236-1.png,LB04
LF-236-2.png,LB01
LF-237-1.png,LB05
LF-237-2.png,LB05
LF-238-1.png,LB06
LF-238-2.png,LB06
LF-239-1.png,LB04
LF-239-2.png,LB04
LF-240-1.png,LB06
LF-240-2.png,LB06
LF-241-1.png,LB04
LF-241-2.png,LB04
LF-242-1.png,LB09
LF-242-2.png,LB06
LF-243-1.png,LB03
LF-243-2.png,LB03
LF-244-1.png,LB03
LF-244-2.png,LB09
LF-245-1.png,LB01
LF-245-2.png,LB01
LF-246-1.png,LB04
LF-246-2.png,LB04
LF-247-1.png,LB01
LF-247-2.png,LB01
LF-248-1.png,LB06
LF-248-2.png,LB06
LF-249-1.png,LB05
LF-249-2.png,LB05
LF-250-1.png,LB03
LF-250-2.png,LB03
LF-251-1.png,LB02
LF-251-2.png,LB02
LF-252-1.png,LB03
LF-252-2.png,LB03
LF-253-1.png,LB03
LF-253-2.png,LB03
LF-254-1.png,LB04
LF-254-2.png,LB04
LF-255-1.png,LB01
LF-255-2.png,LB01
LM-200-1.png,LB07
LM-200-2.png,LB01
LM-201-1.png,LB07
LM-201-2.png,LB07
LM-202-1.png,LB02
LM-202-2.png,LB02
LM-203-1.png,LB10
LM-203-2.png,LB10
LM-204-1.png,LB05
LM-204-2.png,LB07
LM-206-1.png,LB01
LM-206-2.png,LB01
LM-207-1.png,LB02
LM-207-2.png,LB02
LM-208-1.png,LB04
LM-208-2.png,LB05
LM-209-1.png,LB03
LM-209-2.png,LB08
LM-210-1.png,LB01
LM-210-2.png,LB08
LM-211-1.png,LB08
LM-211-2.png,LB02
LM-212-1.png,LB04
LM-212-2.png,LB05
LM-213-1.png,LB02
LM-213-2.png,LB02
LM-214-1.png,LB02
LM-214-2.png,LB02
LM-215-1.png,LB04
LM-215-2.png,LB01
LM-216-1.png,LB08
LM-216-2.png,LB08
LM-217-1.png,LB08
LM-217-2.png,LB08
LM-218-1.png,LB05
LM-218-2.png,LB04
LM-219-1.png,LB01
LM-219-2.png,LB01
LM-220-1.png,LB08
LM-220-2.png,LB08
LM-221-1.png,LB02
LM-221-2.png,LB02
LM-222-1.png,LB07
LM-222-2.png,LB07
LM-223-1.png,LB02
LM-223-2.png,LB02
LM-224-1.png,LB02
LM-224-2.png,LB02
LM-225-1.png,LB08
LM-225-2.png,LB02
LM-226-1.png,LB01
LM-226-2.png,LB01
LM-227-1.png,LB05
LM-227-2.png,LB01
LM-228-1.png,LB01
LM-228-2.png,LB01
LM-229-1.png,LB05
LM-229-2.png,LB05
LM-230-1.png,LB02
LM-230-2.png,LB02
LM-231-1.png,LB05
LM-231-2.png,LB05
LM-232-1.png,LB08
LM-232-2.png,LB08
LM-233-1.png,LB05
LM-233-2.png,LB05
LM-234-1.png,LB04
LM-234-2.png,LB04
LM-235-1.png,LB07
LM-235-2.png,LB07
LM-236-1.png,LB07
LM-236-2.png,LB07
LM-237-1.png,LB05
LM-237-2.png,LB10
LM-238-1.png,LB03
LM-238-2.png,LB04
LM-239-1.png,LB10
LM-239-2.png,LB10
LM-240-1.png,LB10
LM-240-2.png,LB01
LM-241-1.png,LB04
LM-241-2.png,LB04
LM-242-1.png,LB02
LM-242-2.png,LB02
LM-243-1.png,LB02
LM-243-2.png,LB02
LM-244-1.png,LB06
LM-244-2.png,LB06
LM-246-1.png,LB02
LM-246-2.png,LB02
LM-247-1.png,LB08
LM-247-2.png,LB08
LM-248-1.png,LB07
LM-248-2.png,LB01
LM-249-1.png,LB01
LM-249-2.png,LB04
LM-250-1.png,LB01
LM-250-2.png,LB08
LM-251-1.png,LB07
LM-251-2.png,LB07
LM-252-1.png,LB10
LM-252-2.png,LB10
LM-253-1.png,LB05
LM-253-2.png,LB03
