LF-200.png,LM05
LF-201.png,LM02
LF-202.png,LM02
LF-203.png,LM02
LF-204.png,LM01
LF-205.png,LM03
LF-206.png,LM01
LF-207.png,LM05
LF-208.png,LM05
LF-209.png,LM03
LF-210.png,LM01
LF-211.png,LM02
LF-212.png,LM01
LF-213.png,LM05
LF-214.png,LM01
LF-215.png,LM01
LF-216.png,LM04
LF-217.png,LM05
LF-218.png,LM01
LF-219.png,LM09
LF-220.png,LM04
LF-221.png,LM01
LF-222.png,LM02
LF-223.png,LM03
LF-224.png,LM04
LF-225.png,LM01
LF-226.png,LM02
LF-227.png,LM05
LF-228.png,LM01
LF-229.png,LM05
LF-230.png,LM05
LF-231.png,LM01
LF-232.png,LM05
LF-233.png,LM06
LF-234.png,LM02
LF-235.png,LM01
LF-236.png,LM06
LF-237.png,LM04
LF-238.png,LM06
LF-239.png,LM03
LF-240.png,LM04
LF-241.png,LM02
LF-242.png,LM03
LF-243.png,LM04
LF-244.png,LM01
LF-245.png,LM05
LF-246.png,LM05
LF-247.png,LM01
LF-248.png,LM03
LF-249.png,LM08
LF-250.png,LM04
LF-251.png,LM07
LF-252.png,LM02
LF-253.png,LM04
LF-254.png,LM02
LF-255.png,LM02
LM-200.png,LM06
LM-201.png,LM07
LM-202.png,LM09
LM-203.png,LM03
LM-204.png,LM06
LM-206.png,LM02
LM-207.png,LM01
LM-208.png,LM05
LM-209.png,LM08
LM-210.png,LM09
LM-211.png,LM07
LM-212.png,LM02
LM-213.png,LM03
LM-214.png,LM04
LM-215.png,LM06
LM-216.png,LM02
LM-217.png,LM02
LM-218.png,LM03
LM-219.png,LM08
LM-220.png,LM03
LM-221.png,LM05
LM-222.png,LM06
LM-223.png,LM01
LM-224.png,LM07
LM-225.png,LM07
LM-226.png,LM02
LM-227.png,LM03
LM-228.png,LM04
LM-229.png,LM03
LM-230.png,LM01
LM-231.png,LM01
LM-232.png,LM03
LM-233.png,LM05
LM-234.png,LM08
LM-235.png,LM01
LM-236.png,LM06
LM-237.png,LM06
LM-238.png,LM02
LM-239.png,LM03
LM-240.png,LM04
LM-241.png,LM08
LM-242.png,LM07
LM-243.png,LM04
LM-244.png,LM03
LM-246.png,LM04
LM-247.png,LM08
LM-248.png,LM03
LM-249.png,LM05
LM-250.png,LM01
LM-251.png,LM04
LM-252.png,LM09
LM-253.png,LM04
