LF-200.png,LN05
LF-201.png,LN05
LF-202.png,LN03
LF-203.png,LN06
LF-204.png,LN06
LF-205.png,LN05
LF-206.png,LN01
LF-207.png,LN09
LF-208.png,LN09
LF-209.png,LN06
LF-210.png,LN01
LF-211.png,LN03
LF-212.png,LN01
LF-213.png,LN02
LF-214.png,LN09
LF-215.png,LN02
LF-216.png,LN02
LF-217.png,LN05
LF-218.png,LN01
LF-219.png,LN01
LF-220.png,LN10
LF-221.png,LN07
LF-222.png,LN02
LF-223.png,LN06
LF-224.png,LN05
LF-225.png,LN02
LF-226.png,LN09
LF-227.png,LN01
LF-228.png,LN02
LF-229.png,LN05
LF-230.png,LN03
LF-231.png,LN07
LF-232.png,LN01
LF-233.png,LN01
LF-234.png,LN01
LF-235.png,LN01
LF-236.png,LN01
LF-237.png,LN03
LF-238.png,LN03
LF-239.png,LN06
LF-240.png,LN03
LF-241.png,LN06
LF-242.png,LN06
LF-243.png,LN01
LF-244.png,LN02
LF-245.png,LN03
LF-246.png,LN06
LF-247.png,LN01
LF-248.png,LN05
LF-249.png,LN01
LF-250.png,LN01
LF-251.png,LN02
LF-252.png,LN02
LF-253.png,LN02
LF-254.png,LN06
LF-255.png,LN09
LM-200.png,LN05
LM-201.png,LN04
LM-202.png,LN08
LM-203.png,LN04
LM-204.png,LN04
LM-206.png,LN07
LM-207.png,LN07
LM-208.png,LN03
LM-209.png,LN07
LM-210.png,LN02
LM-211.png,LN02
LM-212.png,LN05
LM-213.png,LN08
LM-214.png,LN02
LM-215.png,LN04
LM-216.png,LN02
LM-217.png,LN03
LM-218.png,LN06
LM-219.png,LN10
LM-220.png,LN10
LM-221.png,LN07
LM-222.png,LN03
LM-223.png,LN08
LM-224.png,LN07
LM-225.png,LN08
LM-226.png,LN01
LM-227.png,LN03
LM-228.png,LN07
LM-229.png,LN03
LM-230.png,LN04
LM-231.png,LN03
LM-232.png,LN05
LM-233.png,LN04
LM-234.png,LN01
LM-235.png,LN04
LM-236.png,LN04
LM-237.png,LN04
LM-238.png,LN01
LM-239.png,LN04
LM-240.png,LN04
LM-241.png,LN02
LM-242.png,LN08
LM-243.png,LN07
LM-244.png,LN03
LM-246.png,LN08
LM-247.png,LN09
LM-248.png,LN05
LM-249.png,LN01
LM-250.png,LN03
LM-251.png,LN04
LM-252.png,LN08
LM-253.png,LN05
