BF-001-1.png,BE05
BF-001-2.png,BE01
BF-002-1.png,BE05
BF-002-2.png,BE02
BF-003-1.png,BE03
BF-003-2.png,BE01
BF-004-1.png,BE04
BF-004-2.png,BE05
BF-005-1.png,BE01
BF-005-2.png,BE01
BF-006-1.png,BE05
BF-006-2.png,BE05
BF-007-1.png,BE05
BF-007-2.png,BE03
BF-008-1.png,BE01
BF-008-2.png,BE01
BF-009-1.png,BE05
BF-009-2.png,BE05
BF-010-1.png,BE02
BF-010-2.png,BE01
BF-011-1.png,BE01
BF-011-2.png,BE01
BF-012-1.png,BE03
BF-012-2.png,BE03
BF-013-1.png,BE01
BF-013-2.png,BE02
BF-014-1.png,BE01
BF-014-2.png,BE01
BF-015-1.png,BE01
BF-015-2.png,BE01
BF-016-1.png,BE01
BF-016-2.png,BE01
BF-017-1.png,BE05
BF-017-2.png,BE04
BF-019-1.png,BE10
BF-019-2.png,BE10
BF-020-1.png,BE01
BF-020-2.png,BE01
BF-021-1.png,BE04
BF-021-2.png,BE04
BF-023-1.png,BE05
BF-023-2.png,BE08
BF-024-1.png,BE03
BF-024-2.png,BE03
BF-025-1.png,BE01
BF-025-2.png,BE02
BF-027-1.png,BE04
BF-027-2.png,BE04
BF-028-1.png,BE03
BF-028-2.png,BE03
BF-029-1.png,BE05
BF-029-2.png,BE05
BF-030-1.png,BE05
BF-030-2.png,BE05
BF-031-1.png,BE01
BF-031-2.png,BE01
BF-032-1.png,BE05
BF-032-2.png,BE05
BF-033-1.png,BE05
BF-033-2.png,BE05
BF-034-1.png,BE11
BF-034-2.png,BE07
BF-035-1.png,BE03
BF-035-2.png,BE03
BF-036-1.png,BE10
BF-036-2.png,BE01
BF-037-1.png,BE05
BF-037-2.png,BE04
BF-038-1.png,BE01
BF-038-2.png,BE06
BF-039-1.png,BE05
BF-039-2.png,BE08
BF-040-1.png,BE05
BF-040-2.png,BE05
BF-041-1.png,BE03
BF-041-2.png,BE03
BF-042-1.png,BE04
BF-042-2.png,BE07
BF-043-1.png,BE04
BF-043-2.png,BE04
BF-044-1.png,BE07
BF-044-2.png,BE07
BF-045-1.png,BE01
BF-045-2.png,BE02
BF-047-1.png,BE04
BF-047-2.png,BE04
BF-048-1.png,BE05
BF-048-2.png,BE03
BF-049-1.png,BE09
BF-049-2.png,BE09
BF-050-1.png,BE08
BF-050-2.png,BE08
BF-051-1.png,BE01
BF-051-2.png,BE01
BF-200-1.png,BE10
BF-200-2.png,BE01
BF-201-1.png,BE04
BF-201-2.png,BE07
BF-202-1.png,BE01
BF-202-2.png,BE01
BF-203-1.png,BE10
BF-203-2.png,BE01
BF-204-1.png,BE03
BF-204-2.png,BE03
BF-205-1.png,BE05
BF-205-2.png,BE04
BF-206-1.png,BE03
BF-206-2.png,BE04
BF-207-1.png,BE10
BF-207-2.png,BE10
BF-208-1.png,BE01
BF-208-2.png,BE02
BF-209-1.png,BE10
BF-209-2.png,BE10
BF-210-1.png,BE02
BF-210-2.png,BE02
BF-211-1.png,BE02
BF-211-2.png,BE02
BF-212-1.png,BE02
BF-212-2.png,BE02
BF-213-1.png,BE02
BF-213-2.png,BE02
BF-214-1.png,BE02
BF-214-2.png,BE02
BF-215-1.png,BE09
BF-215-2.png,BE09
BF-216-1.png,BE02
BF-216-2.png,BE02
BF-217-1.png,BE02
BF-217-2.png,BE02
BF-218-1.png,BE09
BF-218-2.png,BE09
BF-219-1.png,BE09
BF-219-2.png,BE07
BF-220-1.png,BE04
BF-220-2.png,BE04
BF-221-1.png,BE09
BF-221-2.png,BE09
BF-222-1.png,BE02
BF-222-2.png,BE02
BF-223-1.png,BE05
BF-223-2.png,BE09
BF-224-1.png,BE03
BF-224-2.png,BE03
BF-225-1.png,BE03
BF-225-2.png,BE03
BF-226-1.png,BE02
BF-226-2.png,BE02
BF-227-1.png,BE07
BF-227-2.png,BE07
BF-228-1.png,BE02
BF-228-2.png,BE02
BF-229-1.png,BE07
BF-229-2.png,BE07
BF-230-1.png,BE01
BF-230-2.png,BE01
BF-231-1.png,BE03
BF-231-2.png,BE04
BF-232-1.png,BE03
BF-232-2.png,BE03
BF-233-1.png,BE09
BF-233-2.png,BE09
BF-234-1.png,BE01
BF-234-2.png,BE01
BF-235-1.png,BE03
BF-235-2.png,BE03
BF-236-1.png,BE10
BF-236-2.png,BE10
BF-237-1.png,BE02
BF-237-2.png,BE02
BF-238-1.png,BE03
BF-238-2.png,BE03
BF-239-1.png,BE02
BF-239-2.png,BE03
BF-240-1.png,BE10
BF-240-2.png,BE10
BF-241-1.png,BE02
BF-241-2.png,BE02
BF-242-1.png,BE02
BF-242-2.png,BE02
BF-243-1.png,BE02
BF-243-2.png,BE02
BF-244-1.png,BE02
BF-244-2.png,BE02
BF-245-1.png,BE08
BF-245-2.png,BE05
BF-246-1.png,BE04
BF-246-2.png,BE04
BF-247-1.png,BE02
BF-247-2.png,BE02
BF-248-1.png,BE03
BF-248-2.png,BE03
BF-250-1.png,BE09
BF-250-2.png,BE09
BF-251-1.png,BE08
BF-251-2.png,BE04
BF-252-1.png,BE01
BF-252-2.png,BE01
BF-253-1.png,BE01
BF-253-2.png,BE01
BF-254-1.png,BE01
BF-254-2.png,BE01
BF-255-1.png,BE02
BF-255-2.png,BE02
BM-001-1.png,BE03
BM-001-2.png,BE03
BM-002-1.png,BE04
BM-002-2.png,BE04
BM-003-1.png,BE06
BM-003-2.png,BE01
BM-004-1.png,BE08
BM-004-2.png,BE08
BM-005-1.png,BE04
BM-005-2.png,BE04
BM-009-1.png,BE03
BM-009-2.png,BE03
BM-010-1.png,BE06
BM-010-2.png,BE06
BM-011-1.png,BE05
BM-011-2.png,BE08
BM-012-1.png,BE01
BM-012-2.png,BE01
BM-013-1.png,BE06
BM-013-2.png,BE06
BM-015-1.png,BE05
BM-015-2.png,BE08
BM-016-1.png,BE01
BM-016-2.png,BE03
BM-017-1.png,BE08
BM-017-2.png,BE08
BM-018-1.png,BE06
BM-018-2.png,BE03
BM-019-1.png,BE04
BM-019-2.png,BE07
BM-020-1.png,BE11
BM-020-2.png,BE08
BM-021-1.png,BE03
BM-021-2.png,BE06
BM-022-1.png,BE03
BM-022-2.png,BE08
BM-023-1.png,BE02
BM-023-2.png,BE02
BM-024-1.png,BE02
BM-024-2.png,BE01
BM-025-1.png,BE07
BM-025-2.png,BE07
BM-026-1.png,BE04
BM-026-2.png,BE06
BM-027-1.png,BE01
BM-027-2.png,BE01
BM-028-1.png,BE04
BM-028-2.png,BE04
BM-029-1.png,BE07
BM-029-2.png,BE07
BM-030-1.png,BE06
BM-030-2.png,BE06
BM-031-1.png,BE01
BM-031-2.png,BE02
BM-032-1.png,BE04
BM-032-2.png,BE03
BM-033-1.png,BE06
BM-033-2.png,BE06
BM-034-1.png,BE07
BM-034-2.png,BE07
BM-036-1.png,BE08
BM-036-2.png,BE08
BM-037-1.png,BE03
BM-037-2.png,BE03
BM-038-1.png,BE06
BM-038-2.png,BE06
BM-039-1.png,BE03
BM-039-2.png,BE05
BM-040-1.png,BE01
BM-040-2.png,BE01
BM-041-1.png,BE03
BM-041-2.png,BE04
BM-043-1.png,BE05
BM-043-2.png,BE05
BM-044-1.png,BE04
BM-044-2.png,BE08
BM-045-1.png,BE04
BM-045-2.png,BE04
BM-046-1.png,BE03
BM-046-2.png,BE03
BM-200-1.png,BE03
BM-200-2.png,BE09
BM-201-1.png,BE01
BM-201-2.png,BE01
BM-202-1.png,BE06
BM-202-2.png,BE06
BM-203-1.png,BE04
BM-203-2.png,BE04
BM-204-1.png,BE02
BM-204-2.png,BE02
BM-205-1.png,BE11
BM-205-2.png,BE11
BM-206-1.png,BE01
BM-206-2.png,BE03
BM-207-1.png,BE08
BM-207-2.png,BE05
BM-208-1.png,BE02
BM-208-2.png,BE05
BM-209-1.png,BE06
BM-209-2.png,BE06
BM-210-1.png,BE07
BM-210-2.png,BE07
BM-211-1.png,BE10
BM-211-2.png,BE01
BM-212-1.png,BE10
BM-212-2.png,BE01
BM-213-1.png,BE06
BM-213-2.png,BE06
BM-214-1.png,BE03
BM-214-2.png,BE03
BM-215-1.png,BE03
BM-215-2.png,BE03
BM-216-1.png,BE11
BM-216-2.png,BE11
BM-217-1.png,BE04
BM-217-2.png,BE04
BM-218-1.png,BE08
BM-218-2.png,BE08
BM-219-1.png,BE01
BM-219-2.png,BE01
BM-221-1.png,BE10
BM-221-2.png,BE02
BM-222-1.png,BE01
BM-222-2.png,BE01
BM-223-1.png,BE07
BM-223-2.png,BE07
BM-224-1.png,BE06
BM-224-2.png,BE11
BM-225-1.png,BE11
BM-225-2.png,BE11
BM-226-1.png,BE02
BM-226-2.png,BE02
BM-227-1.png,BE03
BM-227-2.png,BE03
BM-228-1.png,BE10
BM-228-2.png,BE01
BM-229-1.png,BE07
BM-229-2.png,BE07
BM-230-1.png,BE01
BM-230-2.png,BE01
BM-231-1.png,BE04
BM-231-2.png,BE04
BM-232-1.png,BE09
BM-232-2.png,BE01
BM-233-1.png,BE06
BM-233-2.png,BE06
BM-234-1.png,BE10
BM-234-2.png,BE10
BM-235-1.png,BE02
BM-235-2.png,BE08
BM-236-1.png,BE11
BM-236-2.png,BE11
BM-237-1.png,BE02
BM-237-2.png,BE09
BM-238-1.png,BE01
BM-238-2.png,BE03
BM-239-1.png,BE10
BM-239-2.png,BE02
BM-240-1.png,BE03
BM-240-2.png,BE03
BM-241-1.png,BE06
BM-241-2.png,BE06
BM-242-1.png,BE09
BM-242-2.png,BE07
BM-243-1.png,BE04
BM-243-2.png,BE04
BM-244-1.png,BE04
BM-244-2.png,BE04
BM-245-1.png,BE04
BM-245-2.png,BE04
BM-246-1.png,BE02
BM-246-2.png,BE09
BM-247-1.png,BE06
BM-247-2.png,BE06
BM-248-1.png,BE02
BM-248-2.png,BE02
BM-249-1.png,BE02
BM-249-2.png,BE09
BM-250-1.png,BE02
BM-250-2.png,BE01
BM-251-1.png,BE11
BM-251-2.png,BE04
BM-252-1.png,BE01
BM-252-2.png,BE01
BM-253-1.png,BE08
BM-253-2.png,BE08
