BF-001.png,BM03
BF-002.png,BM05
BF-003.png,BM03
BF-004.png,BM01
BF-005.png,BM01
BF-006.png,BM03
BF-007.png,BM01
BF-008.png,BM04
BF-009.png,BM04
BF-010.png,BM03
BF-011.png,BM03
BF-012.png,BM04
BF-013.png,BM03
BF-014.png,BM04
BF-015.png,BM04
BF-016.png,BM04
BF-017.png,BM03
BF-019.png,BM01
BF-020.png,BM03
BF-021.png,BM01
BF-023.png,BM04
BF-024.png,BM01
BF-025.png,BM01
BF-027.png,BM04
BF-028.png,BM01
BF-029.png,BM02
BF-030.png,BM05
BF-031.png,BM01
BF-032.png,BM03
BF-033.png,BM06
BF-034.png,BM04
BF-035.png,BM01
BF-036.png,BM04
BF-037.png,BM03
BF-038.png,BM04
BF-039.png,BM01
BF-040.png,BM01
BF-041.png,BM01
BF-042.png,BM01
BF-043.png,BM01
BF-044.png,BM05
BF-045.png,BM03
BF-047.png,BM03
BF-048.png,BM04
BF-049.png,BM06
BF-050.png,BM01
BF-051.png,BM04
BF-200.png,BM04
BF-201.png,BM01
BF-202.png,BM01
BF-203.png,BM03
BF-204.png,BM02
BF-205.png,BM01
BF-206.png,BM03
BF-207.png,BM01
BF-208.png,BM02
BF-209.png,BM04
BF-210.png,BM02
BF-211.png,BM03
BF-212.png,BM02
BF-213.png,BM04
BF-214.png,BM01
BF-215.png,BM02
BF-216.png,BM03
BF-217.png,BM01
BF-218.png,BM02
BF-219.png,BM01
BF-220.png,BM02
BF-221.png,BM02
BF-222.png,BM02
BF-223.png,BM03
BF-224.png,BM01
BF-225.png,BM03
BF-226.png,BM01
BF-227.png,BM01
BF-228.png,BM01
BF-229.png,BM01
BF-230.png,BM01
BF-231.png,BM01
BF-232.png,BM03
BF-233.png,BM02
BF-234.png,BM03
BF-235.png,BM01
BF-236.png,BM04
BF-237.png,BM03
BF-238.png,BM02
BF-239.png,BM03
BF-240.png,BM01
BF-241.png,BM01
BF-242.png,BM03
BF-243.png,BM03
BF-244.png,BM01
BF-245.png,BM01
BF-246.png,BM05
BF-247.png,BM01
BF-248.png,BM02
BF-250.png,BM02
BF-251.png,BM03
BF-252.png,BM04
BF-253.png,BM05
BF-254.png,BM01
BF-255.png,BM01
BM-001.png,BM01
BM-002.png,BM02
BM-003.png,BM01
BM-004.png,BM04
BM-005.png,BM04
BM-009.png,BM05
BM-010.png,BM02
BM-011.png,BM01
BM-012.png,BM03
BM-013.png,BM03
BM-015.png,BM02
BM-016.png,BM01
BM-017.png,BM03
BM-018.png,BM04
BM-019.png,BM01
BM-020.png,BM03
BM-021.png,BM03
BM-022.png,BM03
BM-023.png,BM02
BM-024.png,BM01
BM-025.png,BM01
BM-026.png,BM02
BM-027.png,BM03
BM-028.png,BM01
BM-029.png,BM02
BM-030.png,BM03
BM-031.png,BM02
BM-032.png,BM02
BM-033.png,BM03
BM-034.png,BM01
BM-036.png,BM02
BM-037.png,BM01
BM-038.png,BM01
BM-039.png,BM02
BM-040.png,BM02
BM-041.png,BM02
BM-043.png,BM01
BM-044.png,BM04
BM-045.png,BM02
BM-046.png,BM01
BM-200.png,BM02
BM-201.png,BM01
BM-202.png,BM01
BM-203.png,BM02
BM-204.png,BM01
BM-205.png,BM01
BM-206.png,BM01
BM-207.png,BM03
BM-208.png,BM01
BM-209.png,BM03
BM-210.png,BM02
BM-211.png,BM01
BM-212.png,BM04
BM-213.png,BM03
BM-214.png,BM02
BM-215.png,BM02
BM-216.png,BM04
BM-217.png,BM01
BM-218.png,BM01
BM-219.png,BM04
BM-221.png,BM01
BM-222.png,BM03
BM-223.png,BM01
BM-224.png,BM04
BM-225.png,BM01
BM-226.png,BM02
BM-227.png,BM02
BM-228.png,BM03
BM-229.png,BM02
BM-230.png,BM04
BM-231.png,BM02
BM-232.png,BM01
BM-233.png,BM02
BM-234.png,BM03
BM-235.png,BM03
BM-236.png,BM03
BM-237.png,BM01
BM-238.png,BM02
BM-239.png,BM02
BM-240.png,BM02
BM-241.png,BM01
BM-242.png,BM02
BM-243.png,BM05
BM-244.png,BM01
BM-245.png,BM04
BM-246.png,BM01
BM-247.png,BM01
BM-248.png,BM01
BM-249.png,BM02
BM-250.png,BM02
BM-251.png,BM03
BM-252.png,BM02
BM-253.png,BM02
