BF-001.png,BN01
BF-002.png,BN02
BF-003.png,BN01
BF-004.png,BN05
BF-005.png,BN02
BF-006.png,BN03
BF-007.png,BN05
BF-008.png,BN02
BF-009.png,BN02
BF-010.png,BN02
BF-011.png,BN02
BF-012.png,BN02
BF-013.png,BN02
BF-014.png,BN01
BF-015.png,BN01
BF-016.png,BN01
BF-017.png,BN03
BF-019.png,BN07
BF-020.png,BN01
BF-021.png,BN02
BF-023.png,BN05
BF-024.png,BN05
BF-025.png,BN01
BF-027.png,BN03
BF-028.png,BN05
BF-029.png,BN03
BF-030.png,BN06
BF-031.png,BN05
BF-032.png,BN03
BF-033.png,BN04
BF-034.png,BN03
BF-035.png,BN04
BF-036.png,BN07
BF-037.png,BN03
BF-038.png,BN04
BF-039.png,BN06
BF-040.png,BN03
BF-041.png,BN02
BF-042.png,BN02
BF-043.png,BN03
BF-044.png,BN06
BF-045.png,BN02
BF-047.png,BN03
BF-048.png,BN03
BF-049.png,BN03
BF-050.png,BN04
BF-051.png,BN05
BF-200.png,BN07
BF-201.png,BN04
BF-202.png,BN02
BF-203.png,BN07
BF-204.png,BN01
BF-205.png,BN04
BF-206.png,BN03
BF-207.png,BN07
BF-208.png,BN02
BF-209.png,BN07
BF-210.png,BN02
BF-211.png,BN07
BF-212.png,BN07
BF-213.png,BN02
BF-214.png,BN02
BF-215.png,BN03
BF-216.png,BN07
BF-217.png,BN02
BF-218.png,BN03
BF-219.png,BN03
BF-220.png,BN03
BF-221.png,BN02
BF-222.png,BN02
BF-223.png,BN02
BF-224.png,BN08
BF-225.png,BN04
BF-226.png,BN01
BF-227.png,BN06
BF-228.png,BN02
BF-229.png,BN06
BF-230.png,BN05
BF-231.png,BN04
BF-232.png,BN02
BF-233.png,BN02
BF-234.png,BN01
BF-235.png,BN01
BF-236.png,BN07
BF-237.png,BN02
BF-238.png,BN05
BF-239.png,BN02
BF-240.png,BN07
BF-241.png,BN01
BF-242.png,BN02
BF-243.png,BN01
BF-244.png,BN01
BF-245.png,BN02
BF-246.png,BN03
BF-247.png,BN02
BF-248.png,BN04
BF-250.png,BN02
BF-251.png,BN05
BF-252.png,BN01
BF-253.png,BN05
BF-254.png,BN01
BF-255.png,BN07
BM-001.png,BN08
BM-002.png,BN03
BM-003.png,BN01
BM-004.png,BN02
BM-005.png,BN04
BM-009.png,BN05
BM-010.png,BN08
BM-011.png,BN03
BM-012.png,BN07
BM-013.png,BN04
BM-015.png,BN05
BM-016.png,BN01
BM-017.png,BN03
BM-018.png,BN05
BM-019.png,BN06
BM-020.png,BN04
BM-021.png,BN04
BM-022.png,BN04
BM-023.png,BN05
BM-024.png,BN01
BM-025.png,BN06
BM-026.png,BN04
BM-027.png,BN01
BM-028.png,BN06
BM-029.png,BN06
BM-030.png,BN04
BM-031.png,BN01
BM-032.png,BN04
BM-033.png,BN08
BM-034.png,BN04
BM-036.png,BN03
BM-037.png,BN08
BM-038.png,BN04
BM-039.png,BN04
BM-040.png,BN05
BM-041.png,BN04
BM-043.png,BN05
BM-044.png,BN08
BM-045.png,BN03
BM-046.png,BN04
BM-200.png,BN03
BM-201.png,BN04
BM-202.png,BN06
BM-203.png,BN03
BM-204.png,BN07
BM-205.png,BN06
BM-206.png,BN02
BM-207.png,BN03
BM-208.png,BN01
BM-209.png,BN03
BM-210.png,BN06
BM-211.png,BN01
BM-212.png,BN01
BM-213.png,BN03
BM-214.png,BN05
BM-215.png,BN02
BM-216.png,BN06
BM-217.png,BN03
BM-218.png,BN01
BM-219.png,BN01
BM-221.png,BN01
BM-222.png,BN01
BM-223.png,BN06
BM-224.png,BN08
BM-225.png,BN04
BM-226.png,BN01
BM-227.png,BN02
BM-228.png,BN01
BM-229.png,BN06
BM-230.png,BN01
BM-231.png,BN08
BM-232.png,BN04
BM-233.png,BN05
BM-234.png,BN07
BM-235.png,BN01
BM-236.png,BN08
BM-237.png,BN05
BM-238.png,BN01
BM-239.png,BN01
BM-240.png,BN02
BM-241.png,BN08
BM-242.png,BN04
BM-243.png,BN04
BM-244.png,BN04
BM-245.png,BN04
BM-246.png,BN08
BM-247.png,BN03
BM-248.png,BN01
BM-249.png,BN02
BM-250.png,BN01
BM-251.png,BN03
BM-252.png,BN01
BM-253.png,BN03
