WF-001-1.png,WB02
WF-001-2.png,WB02
WF-002-1.png,WB01
WF-002-2.png,WB01
WF-003-1.png,WB02
WF-003-2.png,WB01
WF-005-1.png,WB04
WF-005-2.png,WB04
WF-006-1.png,WB03
WF-006-2.png,WB02
WF-007-1.png,WB02
WF-007-2.png,WB02
WF-008-1.png,WB02
WF-008-2.png,WB02
WF-009-1.png,WB02
WF-009-2.png,WB04
WF-010-1.png,WB02
WF-010-2.png,WB07
WF-011-1.png,WB02
WF-011-2.png,WB02
WF-012-1.png,WB04
WF-012-2.png,WB04
WF-013-1.png,WB02
WF-013-2.png,WB02
WF-014-1.png,WB02
WF-014-2.png,WB02
WF-015-1.png,WB01
WF-015-2.png,WB01
WF-016-1.png,WB04
WF-016-2.png,WB04
WF-017-1.png,WB05
WF-017-2.png,WB05
WF-018-1.png,WB02
WF-018-2.png,WB04
WF-019-1.png,WB01
WF-019-2.png,WB01
WF-020-1.png,WB02
WF-020-2.png,WB02
WF-021-1.png,WB02
WF-021-2.png,WB02
WF-022-1.png,WB01
WF-022-2.png,WB02
WF-023-1.png,WB01
WF-023-2.png,WB01
WF-024-1.png,WB04
WF-024-2.png,WB04
WF-025-1.png,WB02
WF-025-2.png,WB02
WF-026-1.png,WB01
WF-026-2.png,WB06
WF-027-1.png,WB03
WF-027-2.png,WB03
WF-028-1.png,WB01
WF-028-2.png,WB04
WF-029-1.png,WB02
WF-029-2.png,WB02
WF-030-1.png,WB01
WF-030-2.png,WB01
WF-031-1.png,WB04
WF-031-2.png,WB04
WF-033-1.png,WB02
WF-033-2.png,WB04
WF-034-1.png,WB03
WF-034-2.png,WB03
WF-035-1.png,WB04
WF-035-2.png,WB04
WF-036-1.png,WB05
WF-036-2.png,WB05
WF-037-1.png,WB06
WF-037-2.png,WB06
WF-038-1.png,WB02
WF-038-2.png,WB02
WF-039-1.png,WB01
WF-039-2.png,WB01
WF-200-1.png,WB04
WF-200-2.png,WB04
WF-201-1.png,WB01
WF-201-2.png,WB01
WF-202-1.png,WB01
WF-202-2.png,WB06
WF-203-1.png,WB01
WF-203-2.png,WB04
WF-204-1.png,WB04
WF-204-2.png,WB04
WF-205-1.png,WB02
WF-205-2.png,WB02
WF-206-1.png,WB01
WF-206-2.png,WB01
WF-207-1.png,WB02
WF-207-2.png,WB02
WF-208-1.png,WB01
WF-208-2.png,WB01
WF-209-1.png,WB01
WF-209-2.png,WB04
WF-210-1.png,WB04
WF-210-2.png,WB04
WF-211-1.png,WB03
WF-211-2.png,WB03
WF-212-1.png,WB01
WF-212-2.png,WB02
WF-213-1.png,WB02
WF-213-2.png,WB02
WF-214-1.png,WB01
WF-214-2.png,WB01
WF-215-1.png,WB01
WF-215-2.png,WB01
WF-216-1.png,WB02
WF-216-2.png,WB05
WF-217-1.png,WB04
WF-217-2.png,WB04
WF-218-1.png,WB02
WF-218-2.png,WB02
WF-219-1.png,WB02
WF-219-2.png,WB05
WF-220-1.png,WB02
WF-220-2.png,WB03
WF-221-1.png,WB01
WF-221-2.png,WB01
WF-222-1.png,WB01
WF-222-2.png,WB01
WF-223-1.png,WB01
WF-223-2.png,WB04
WF-224-1.png,WB01
WF-224-2.png,WB01
WF-225-1.png,WB01
WF-225-2.png,WB04
WF-226-1.png,WB01
WF-226-2.png,WB02
WF-227-1.png,WB02
WF-227-2.png,WB02
WF-228-1.png,WB02
WF-228-2.png,WB04
WF-229-1.png,WB01
WF-229-2.png,WB01
WF-230-1.png,WB01
WF-230-2.png,WB02
WF-231-1.png,WB01
WF-231-2.png,WB01
WF-232-1.png,WB01
WF-232-2.png,WB02
WF-233-1.png,WB02
WF-233-2.png,WB04
WF-234-1.png,WB02
WF-234-2.png,WB01
WF-235-1.png,WB01
WF-235-2.png,WB01
WF-236-1.png,WB01
WF-236-2.png,WB01
WF-237-1.png,WB01
WF-237-2.png,WB01
WF-238-1.png,WB01
WF-238-2.png,WB01
WF-239-1.png,WB05
WF-239-2.png,WB02
WF-240-1.png,WB03
WF-240-2.png,WB03
WF-241-1.png,WB04
WF-241-2.png,WB04
WF-242-1.png,WB03
WF-242-2.png,WB03
WF-243-1.png,WB02
WF-243-2.png,WB02
WF-244-1.png,WB01
WF-244-2.png,WB01
WF-245-1.png,WB01
WF-245-2.png,WB01
WF-246-1.png,WB03
WF-246-2.png,WB04
WF-247-1.png,WB01
WF-247-2.png,WB01
WF-248-1.png,WB01
WF-248-2.png,WB01
WF-249-1.png,WB01
WF-249-2.png,WB01
WF-250-1.png,WB01
WF-250-2.png,WB01
WF-251-1.png,WB01
WF-251-2.png,WB01
WF-252-1.png,WB02
WF-252-2.png,WB02
WM-001-1.png,WB06
WM-001-2.png,WB03
WM-002-1.png,WB06
WM-002-2.png,WB06
WM-003-1.png,WB02
WM-003-2.png,WB01
WM-004-1.png,WB05
WM-004-2.png,WB05
WM-006-1.png,WB03
WM-006-2.png,WB02
WM-009-1.png,WB06
WM-009-2.png,WB06
WM-010-1.png,WB06
WM-010-2.png,WB01
WM-011-1.png,WB01
WM-011-2.png,WB01
WM-012-1.png,WB02
WM-012-2.png,WB02
WM-013-1.png,WB04
WM-013-2.png,WB04
WM-014-1.png,WB04
WM-014-2.png,WB04
WM-015-1.png,WB02
WM-015-2.png,WB07
WM-016-1.png,WB05
WM-016-2.png,WB05
WM-017-1.png,WB02
WM-017-2.png,WB02
WM-018-1.png,WB06
WM-018-2.png,WB06
WM-019-1.png,WB03
WM-019-2.png,WB03
WM-020-1.png,WB01
WM-020-2.png,WB01
WM-021-1.png,WB03
WM-021-2.png,WB03
WM-022-1.png,WB03
WM-022-2.png,WB03
WM-023-1.png,WB06
WM-023-2.png,WB06
WM-024-1.png,WB03
WM-024-2.png,WB03
WM-025-1.png,WB02
WM-025-2.png,WB02
WM-026-1.png,WB02
WM-026-2.png,WB02
WM-028-1.png,WB06
WM-028-2.png,WB06
WM-029-1.png,WB04
WM-029-2.png,WB04
WM-031-1.png,WB02
WM-031-2.png,WB02
WM-032-1.png,WB02
WM-032-2.png,WB02
WM-033-1.png,WB01
WM-033-2.png,WB07
WM-034-1.png,WB05
WM-034-2.png,WB05
WM-035-1.png,WB03
WM-035-2.png,WB03
WM-036-1.png,WB01
WM-036-2.png,WB01
WM-037-1.png,WB01
WM-037-2.png,WB01
WM-038-1.png,WB02
WM-038-2.png,WB02
WM-039-1.png,WB01
WM-039-2.png,WB01
WM-040-1.png,WB05
WM-040-2.png,WB05
WM-041-1.png,WB03
WM-041-2.png,WB03
WM-200-1.png,WB01
WM-200-2.png,WB04
WM-201-1.png,WB04
WM-201-2.png,WB03
WM-202-1.png,WB03
WM-202-2.png,WB03
WM-203-1.png,WB05
WM-203-2.png,WB05
WM-204-1.png,WB05
WM-204-2.png,WB05
WM-205-1.png,WB03
WM-205-2.png,WB05
WM-206-1.png,WB02
WM-206-2.png,WB02
WM-207-1.png,WB03
WM-207-2.png,WB06
WM-208-1.png,WB02
WM-208-2.png,WB05
WM-209-1.png,WB05
WM-209-2.png,WB05
WM-210-1.png,WB07
WM-210-2.png,WB07
WM-211-1.png,WB04
WM-211-2.png,WB06
WM-212-1.png,WB04
WM-212-2.png,WB04
WM-213-1.png,WB04
WM-213-2.png,WB04
WM-214-1.png,WB04
WM-214-2.png,WB04
WM-215-1.png,WB03
WM-215-2.png,WB03
WM-216-1.png,WB04
WM-216-2.png,WB04
WM-217-1.png,WB01
WM-217-2.png,WB01
WM-218-1.png,WB06
WM-218-2.png,WB06
WM-219-1.png,WB03
WM-219-2.png,WB03
WM-220-1.png,WB05
WM-220-2.png,WB05
WM-221-1.png,WB05
WM-221-2.png,WB05
WM-222-1.png,WB04
WM-222-2.png,WB06
WM-223-1.png,WB05
WM-223-2.png,WB05
WM-224-1.png,WB02
WM-224-2.png,WB02
WM-225-1.png,WB05
WM-225-2.png,WB04
WM-227-1.png,WB01
WM-227-2.png,WB01
WM-228-1.png,WB03
WM-228-2.png,WB03
WM-229-1.png,WB04
WM-229-2.png,WB05
WM-230-1.png,WB01
WM-230-2.png,WB01
WM-231-1.png,WB06
WM-231-2.png,WB06
WM-232-1.png,WB04
WM-232-2.png,WB04
WM-233-1.png,WB03
WM-233-2.png,WB03
WM-234-1.png,WB03
WM-234-2.png,WB03
WM-235-1.png,WB04
WM-235-2.png,WB02
WM-236-1.png,WB02
WM-236-2.png,WB02
WM-237-1.png,WB03
WM-237-2.png,WB03
WM-238-1.png,WB03
WM-238-2.png,WB03
WM-239-1.png,WB03
WM-239-2.png,WB03
WM-240-1.png,WB04
WM-240-2.png,WB05
WM-241-1.png,WB05
WM-241-2.png,WB05
WM-242-1.png,WB01
WM-242-2.png,WB01
WM-243-1.png,WB02
WM-243-2.png,WB03
WM-244-1.png,WB06
WM-244-2.png,WB06
WM-245-1.png,WB03
WM-245-2.png,WB03
WM-247-1.png,WB03
WM-247-2.png,WB03
WM-248-1.png,WB01
WM-248-2.png,WB01
WM-249-1.png,WB02
WM-249-2.png,WB02
WM-250-1.png,WB03
WM-250-2.png,WB03
WM-251-1.png,WB05
WM-251-2.png,WB03
WM-252-1.png,WB03
WM-252-2.png,WB03
WM-253-1.png,WB06
WM-253-2.png,WB06
WM-254-1.png,WB04
WM-254-2.png,WB04
WM-255-1.png,WB06
WM-255-2.png,WB05
WM-256-1.png,WB03
WM-256-2.png,WB03
WM-257-1.png,WB06
WM-257-2.png,WB06
WM-258-1.png,WB01
WM-258-2.png,WB01
