WF-001-1.png,WE08
WF-001-2.png,WE04
WF-002-1.png,WE05
WF-002-2.png,WE05
WF-003-1.png,WE01
WF-003-2.png,WE03
WF-005-1.png,WE01
WF-005-2.png,WE03
WF-006-1.png,WE01
WF-006-2.png,WE10
WF-007-1.png,WE08
WF-007-2.png,WE10
WF-008-1.png,WE04
WF-008-2.png,WE04
WF-009-1.png,WE01
WF-009-2.png,WE01
WF-010-1.png,WE11
WF-010-2.png,WE06
WF-011-1.png,WE03
WF-011-2.png,WE01
WF-012-1.png,WE01
WF-012-2.png,WE01
WF-013-1.png,WE01
WF-013-2.png,WE01
WF-014-1.png,WE10
WF-014-2.png,WE10
WF-015-1.png,WE03
WF-015-2.png,WE03
WF-016-1.png,WE01
WF-016-2.png,WE13
WF-017-1.png,WE01
WF-017-2.png,WE02
WF-018-1.png,WE07
WF-018-2.png,WE07
WF-019-1.png,WE03
WF-019-2.png,WE01
WF-020-1.png,WE09
WF-020-2.png,WE09
WF-021-1.png,WE01
WF-021-2.png,WE01
WF-022-1.png,WE03
WF-022-2.png,WE01
WF-023-1.png,WE03
WF-023-2.png,WE09
WF-024-1.png,WE01
WF-024-2.png,WE01
WF-025-1.png,WE03
WF-025-2.png,WE01
WF-026-1.png,WE09
WF-026-2.png,WE09
WF-027-1.png,WE01
WF-027-2.png,WE13
WF-028-1.png,WE09
WF-028-2.png,WE09
WF-029-1.png,WE10
WF-029-2.png,WE10
WF-030-1.png,WE05
WF-030-2.png,WE05
WF-031-1.png,WE03
WF-031-2.png,WE01
WF-033-1.png,WE01
WF-033-2.png,WE01
WF-034-1.png,WE02
WF-034-2.png,WE13
WF-035-1.png,WE02
WF-035-2.png,WE01
WF-036-1.png,WE02
WF-036-2.png,WE02
WF-037-1.png,WE01
WF-037-2.png,WE01
WF-038-1.png,WE01
WF-038-2.png,WE01
WF-039-1.png,WE04
WF-039-2.png,WE04
WF-200-1.png,WE01
WF-200-2.png,WE01
WF-201-1.png,WE03
WF-201-2.png,WE01
WF-202-1.png,WE03
WF-202-2.png,WE01
WF-203-1.png,WE04
WF-203-2.png,WE08
WF-204-1.png,WE11
WF-204-2.png,WE11
WF-205-1.png,WE03
WF-205-2.png,WE03
WF-206-1.png,WE01
WF-206-2.png,WE01
WF-207-1.png,WE09
WF-207-2.png,WE11
WF-208-1.png,WE03
WF-208-2.png,WE01
WF-209-1.png,WE03
WF-209-2.png,WE03
WF-210-1.png,WE12
WF-210-2.png,WE12
WF-211-1.png,WE03
WF-211-2.png,WE01
WF-212-1.png,WE03
WF-212-2.png,WE09
WF-213-1.png,WE10
WF-213-2.png,WE02
WF-214-1.png,WE03
WF-214-2.png,WE01
WF-215-1.png,WE11
WF-215-2.png,WE10
WF-216-1.png,WE02
WF-216-2.png,WE02
WF-217-1.png,WE01
WF-217-2.png,WE01
WF-218-1.png,WE01
WF-218-2.png,WE01
WF-219-1.png,WE01
WF-219-2.png,WE01
WF-220-1.png,WE10
WF-220-2.png,WE01
WF-221-1.png,WE05
WF-221-2.png,WE04
WF-222-1.png,WE03
WF-222-2.png,WE09
WF-223-1.png,WE03
WF-223-2.png,WE03
WF-224-1.png,WE05
WF-224-2.png,WE04
WF-225-1.png,WE04
WF-225-2.png,WE04
WF-226-1.png,WE04
WF-226-2.png,WE10
WF-227-1.png,WE03
WF-227-2.png,WE03
WF-228-1.png,WE01
WF-228-2.png,WE13
WF-229-1.png,WE03
WF-229-2.png,WE04
WF-230-1.png,WE09
WF-230-2.png,WE01
WF-231-1.png,WE03
WF-231-2.png,WE01
WF-232-1.png,WE03
WF-232-2.png,WE01
WF-233-1.png,WE01
WF-233-2.png,WE01
WF-234-1.png,WE03
WF-234-2.png,WE03
WF-235-1.png,WE09
WF-235-2.png,WE09
WF-236-1.png,WE09
WF-236-2.png,WE09
WF-237-1.png,WE05
WF-237-2.png,WE05
WF-238-1.png,WE11
WF-238-2.png,WE11
WF-239-1.png,WE01
WF-239-2.png,WE01
WF-240-1.png,WE13
WF-240-2.png,WE13
WF-241-1.png,WE04
WF-241-2.png,WE10
WF-242-1.png,WE01
WF-242-2.png,WE01
WF-243-1.png,WE01
WF-243-2.png,WE01
WF-244-1.png,WE03
WF-244-2.png,WE03
WF-245-1.png,WE05
WF-245-2.png,WE05
WF-246-1.png,WE01
WF-246-2.png,WE01
WF-247-1.png,WE09
WF-247-2.png,WE03
WF-248-1.png,WE05
WF-248-2.png,WE05
WF-249-1.png,WE03
WF-249-2.png,WE03
WF-250-1.png,WE05
WF-250-2.png,WE05
WF-251-1.png,WE04
WF-251-2.png,WE09
WF-252-1.png,WE03
WF-252-2.png,WE03
WM-001-1.png,WE04
WM-001-2.png,WE04
WM-002-1.png,WE12
WM-002-2.png,WE12
WM-003-1.png,WE10
WM-003-2.png,WE05
WM-004-1.png,WE02
WM-004-2.png,WE02
WM-006-1.png,WE02
WM-006-2.png,WE10
WM-009-1.png,WE02
WM-009-2.png,WE08
WM-010-1.png,WE09
WM-010-2.png,WE11
WM-011-1.png,WE11
WM-011-2.png,WE11
WM-012-1.png,WE04
WM-012-2.png,WE04
WM-013-1.png,WE04
WM-013-2.png,WE04
WM-014-1.png,WE06
WM-014-2.png,WE06
WM-015-1.png,WE14
WM-015-2.png,WE14
WM-016-1.png,WE07
WM-016-2.png,WE07
WM-017-1.png,WE07
WM-017-2.png,WE10
WM-018-1.png,WE02
WM-018-2.png,WE02
WM-019-1.png,WE08
WM-019-2.png,WE10
WM-020-1.png,WE05
WM-020-2.png,WE05
WM-021-1.png,WE02
WM-021-2.png,WE02
WM-022-1.png,WE02
WM-022-2.png,WE02
WM-023-1.png,WE09
WM-023-2.png,WE09
WM-024-1.png,WE08
WM-024-2.png,WE08
WM-025-1.png,WE04
WM-025-2.png,WE07
WM-026-1.png,WE07
WM-026-2.png,WE07
WM-028-1.png,WE08
WM-028-2.png,WE08
WM-029-1.png,WE06
WM-029-2.png,WE06
WM-031-1.png,WE08
WM-031-2.png,WE10
WM-032-1.png,WE02
WM-032-2.png,WE10
WM-033-1.png,WE05
WM-033-2.png,WE05
WM-034-1.png,WE06
WM-034-2.png,WE02
WM-035-1.png,WE02
WM-035-2.png,WE02
WM-036-1.png,WE05
WM-036-2.png,WE05
WM-037-1.png,WE11
WM-037-2.png,WE11
WM-038-1.png,WE07
WM-038-2.png,WE07
WM-039-1.png,WE05
WM-039-2.png,WE05
WM-040-1.png,WE02
WM-040-2.png,WE02
WM-041-1.png,WE08
WM-041-2.png,WE02
WM-200-1.png,WE04
WM-200-2.png,WE04
WM-201-1.png,WE06
WM-201-2.png,WE06
WM-202-1.png,WE04
WM-202-2.png,WE09
WM-203-1.png,WE02
WM-203-2.png,WE02
WM-204-1.png,WE10
WM-204-2.png,WE07
WM-205-1.png,WE06
WM-205-2.png,WE02
WM-206-1.png,WE07
WM-206-2.png,WE07
WM-207-1.png,WE07
WM-207-2.png,WE02
WM-208-1.png,WE06
WM-208-2.png,WE07
WM-209-1.png,WE07
WM-209-2.png,WE07
WM-210-1.png,WE06
WM-210-2.png,WE06
WM-211-1.png,WE14
WM-211-2.png,WE04
WM-212-1.png,WE06
WM-212-2.png,WE06
WM-213-1.png,WE11
WM-213-2.png,WE07
WM-214-1.png,WE04
WM-214-2.png,WE04
WM-215-1.png,WE02
WM-215-2.png,WE02
WM-216-1.png,WE06
WM-216-2.png,WE06
WM-217-1.png,WE05
WM-217-2.png,WE04
WM-218-1.png,WE08
WM-218-2.png,WE02
WM-219-1.png,WE08
WM-219-2.png,WE08
WM-220-1.png,WE06
WM-220-2.png,WE06
WM-221-1.png,WE07
WM-221-2.png,WE02
WM-222-1.png,WE07
WM-222-2.png,WE07
WM-223-1.png,WE06
WM-223-2.png,WE02
WM-224-1.png,WE05
WM-224-2.png,WE04
WM-225-1.png,WE06
WM-225-2.png,WE06
WM-227-1.png,WE11
WM-227-2.png,WE04
WM-228-1.png,WE02
WM-228-2.png,WE02
WM-229-1.png,WE08
WM-229-2.png,WE08
WM-230-1.png,WE11
WM-230-2.png,WE11
WM-231-1.png,WE11
WM-231-2.png,WE11
WM-232-1.png,WE08
WM-232-2.png,WE08
WM-233-1.png,WE13
WM-233-2.png,WE13
WM-234-1.png,WE12
WM-234-2.png,WE12
WM-235-1.png,WE11
WM-235-2.png,WE12
WM-236-1.png,WE10
WM-236-2.png,WE10
WM-237-1.png,WE08
WM-237-2.png,WE08
WM-238-1.png,WE12
WM-238-2.png,WE12
WM-239-1.png,WE06
WM-239-2.png,WE06
WM-240-1.png,WE04
WM-240-2.png,WE10
WM-241-1.png,WE02
WM-241-2.png,WE01
WM-242-1.png,WE05
WM-242-2.png,WE05
WM-243-1.png,WE10
WM-243-2.png,WE02
WM-244-1.png,WE12
WM-244-2.png,WE12
WM-245-1.png,WE02
WM-245-2.png,WE02
WM-247-1.png,WE08
WM-247-2.png,WE10
WM-248-1.png,WE11
WM-248-2.png,WE11
WM-249-1.png,WE07
WM-249-2.png,WE07
WM-250-1.png,WE07
WM-250-2.png,WE08
WM-251-1.png,WE02
WM-251-2.png,WE02
WM-252-1.png,WE02
WM-252-2.png,WE13
WM-253-1.png,WE09
WM-253-2.png,WE09
WM-254-1.png,WE06
WM-254-2.png,WE06
WM-255-1.png,WE02
WM-255-2.png,WE02
WM-256-1.png,WE08
WM-256-2.png,WE08
WM-257-1.png,WE04
WM-257-2.png,WE04
WM-258-1.png,WE05
WM-258-2.png,WE05
