WF-001.png,WM03
WF-002.png,WM03
WF-003.png,WM02
WF-005.png,WM01
WF-006.png,WM02
WF-007.png,WM03
WF-008.png,WM05
WF-009.png,WM04
WF-010.png,WM03
WF-011.png,WM02
WF-012.png,WM04
WF-013.png,WM04
WF-014.png,WM02
WF-015.png,WM04
WF-016.png,WM05
WF-017.png,WM02
WF-018.png,WM01
WF-019.png,WM01
WF-020.png,WM05
WF-021.png,WM05
WF-022.png,WM04
WF-023.png,WM03
WF-024.png,WM02
WF-025.png,WM02
WF-026.png,WM01
WF-027.png,WM02
WF-028.png,WM04
WF-029.png,WM02
WF-030.png,WM01
WF-031.png,WM04
WF-033.png,WM01
WF-034.png,WM02
WF-035.png,WM02
WF-036.png,WM03
WF-037.png,WM02
WF-038.png,WM03
WF-039.png,WM03
WF-200.png,WM04
WF-201.png,WM05
WF-202.png,WM05
WF-203.png,WM04
WF-204.png,WM03
WF-205.png,WM02
WF-206.png,WM01
WF-207.png,WM03
WF-208.png,WM01
WF-209.png,WM01
WF-210.png,WM03
WF-211.png,WM06
WF-212.png,WM04
WF-213.png,WM02
WF-214.png,WM04
WF-215.png,WM06
WF-216.png,WM02
WF-217.png,WM01
WF-218.png,WM06
WF-219.png,WM06
WF-220.png,WM04
WF-221.png,WM01
WF-222.png,WM01
WF-223.png,WM01
WF-224.png,WM05
WF-225.png,WM06
WF-226.png,WM03
WF-227.png,WM01
WF-228.png,WM02
WF-229.png,WM05
WF-230.png,WM02
WF-231.png,WM01
WF-232.png,WM03
WF-233.png,WM02
WF-234.png,WM03
WF-235.png,WM01
WF-236.png,WM05
WF-237.png,WM01
WF-238.png,WM04
WF-239.png,WM01
WF-240.png,WM04
WF-241.png,WM02
WF-242.png,WM04
WF-243.png,WM04
WF-244.png,WM01
WF-245.png,WM05
WF-246.png,WM04
WF-247.png,WM01
WF-248.png,WM01
WF-249.png,WM01
WF-250.png,WM03
WF-251.png,WM05
WF-252.png,WM05
WM-001.png,WM02
WM-002.png,WM06
WM-003.png,WM06
WM-004.png,WM01
WM-006.png,WM04
WM-009.png,WM04
WM-010.png,WM02
WM-011.png,WM01
WM-012.png,WM03
WM-013.png,WM03
WM-014.png,WM02
WM-015.png,WM02
WM-016.png,WM01
WM-017.png,WM02
WM-018.png,WM04
WM-019.png,WM01
WM-020.png,WM03
WM-021.png,WM01
WM-022.png,WM04
WM-023.png,WM01
WM-024.png,WM02
WM-025.png,WM03
WM-026.png,WM05
WM-028.png,WM04
WM-029.png,WM02
WM-031.png,WM02
WM-032.png,WM03
WM-033.png,WM04
WM-034.png,WM05
WM-035.png,WM05
WM-036.png,WM06
WM-037.png,WM05
WM-038.png,WM03
WM-039.png,WM02
WM-040.png,WM06
WM-041.png,WM05
WM-200.png,WM01
WM-201.png,WM03
WM-202.png,WM01
WM-203.png,WM02
WM-204.png,WM02
WM-205.png,WM01
WM-206.png,WM04
WM-207.png,WM04
WM-208.png,WM04
WM-209.png,WM04
WM-210.png,WM02
WM-211.png,WM05
WM-212.png,WM01
WM-213.png,WM05
WM-214.png,WM03
WM-215.png,WM02
WM-216.png,WM05
WM-217.png,WM02
WM-218.png,WM03
WM-219.png,WM03
WM-220.png,WM03
WM-221.png,WM03
WM-222.png,WM03
WM-223.png,WM04
WM-224.png,WM03
WM-225.png,WM03
WM-227.png,WM03
WM-228.png,WM01
WM-229.png,WM05
WM-230.png,WM03
WM-231.png,WM02
WM-232.png,WM05
WM-233.png,WM04
WM-234.png,WM03
WM-235.png,WM04
WM-236.png,WM05
WM-237.png,WM03
WM-238.png,WM05
WM-239.png,WM05
WM-240.png,WM05
WM-241.png,WM02
WM-242.png,WM05
WM-243.png,WM02
WM-244.png,WM06
WM-245.png,WM03
WM-247.png,WM01
WM-248.png,WM03
WM-249.png,WM01
WM-250.png,WM05
WM-251.png,WM06
WM-252.png,WM04
WM-253.png,WM06
WM-254.png,WM01
WM-255.png,WM03
WM-256.png,WM02
WM-257.png,WM01
WM-258.png,WM01
