WF-001.png,WN02
WF-002.png,WN08
WF-003.png,WN08
WF-005.png,WN08
WF-006.png,WN02
WF-007.png,WN05
WF-008.png,WN06
WF-009.png,WN03
WF-010.png,WN01
WF-011.png,WN02
WF-012.png,WN08
WF-013.png,WN02
WF-014.png,WN06
WF-015.png,WN05
WF-016.png,WN02
WF-017.png,WN02
WF-018.png,WN02
WF-019.png,WN02
WF-020.png,WN02
WF-021.png,WN02
WF-022.png,WN04
WF-023.png,WN10
WF-024.png,WN08
WF-025.png,WN02
WF-026.png,WN03
WF-027.png,WN02
WF-028.png,WN07
WF-029.png,WN02
WF-030.png,WN08
WF-031.png,WN04
WF-033.png,WN03
WF-034.png,WN03
WF-035.png,WN03
WF-036.png,WN03
WF-037.png,WN02
WF-038.png,WN02
WF-039.png,WN08
WF-200.png,WN06
WF-201.png,WN05
WF-202.png,WN08
WF-203.png,WN08
WF-204.png,WN01
WF-205.png,WN05
WF-206.png,WN05
WF-207.png,WN05
WF-208.png,WN04
WF-209.png,WN10
WF-210.png,WN01
WF-211.png,WN05
WF-212.png,WN11
WF-213.png,WN02
WF-214.png,WN05
WF-215.png,WN05
WF-216.png,WN06
WF-217.png,WN10
WF-218.png,WN04
WF-219.png,WN11
WF-220.png,WN04
WF-221.png,WN05
WF-222.png,WN01
WF-223.png,WN10
WF-224.png,WN11
WF-225.png,WN11
WF-226.png,WN11
WF-227.png,WN05
WF-228.png,WN04
WF-229.png,WN11
WF-230.png,WN05
WF-231.png,WN11
WF-232.png,WN04
WF-233.png,WN04
WF-234.png,WN05
WF-235.png,WN06
WF-236.png,WN11
WF-237.png,WN10
WF-238.png,WN10
WF-239.png,WN09
WF-240.png,WN03
WF-241.png,WN06
WF-242.png,WN04
WF-243.png,WN04
WF-244.png,WN11
WF-245.png,WN10
WF-246.png,WN09
WF-247.png,WN08
WF-248.png,WN10
WF-249.png,WN11
WF-250.png,WN05
WF-251.png,WN01
WF-252.png,WN04
WM-001.png,WN06
WM-002.png,WN07
WM-003.png,WN02
WM-004.png,WN07
WM-006.png,WN03
WM-009.png,WN07
WM-010.png,WN03
WM-011.png,WN07
WM-012.png,WN08
WM-013.png,WN07
WM-014.png,WN07
WM-015.png,WN08
WM-016.png,WN07
WM-017.png,WN01
WM-018.png,WN07
WM-019.png,WN09
WM-020.png,WN06
WM-021.png,WN09
WM-022.png,WN03
WM-023.png,WN07
WM-024.png,WN06
WM-025.png,WN02
WM-026.png,WN02
WM-028.png,WN03
WM-029.png,WN01
WM-031.png,WN06
WM-032.png,WN03
WM-033.png,WN05
WM-034.png,WN01
WM-035.png,WN03
WM-036.png,WN08
WM-037.png,WN10
WM-038.png,WN01
WM-039.png,WN08
WM-040.png,WN03
WM-041.png,WN09
WM-200.png,WN06
WM-201.png,WN01
WM-202.png,WN07
WM-203.png,WN07
WM-204.png,WN07
WM-205.png,WN01
WM-206.png,WN02
WM-207.png,WN03
WM-208.png,WN06
WM-209.png,WN06
WM-210.png,WN02
WM-211.png,WN01
WM-212.png,WN06
WM-213.png,WN01
WM-214.png,WN01
WM-215.png,WN03
WM-216.png,WN01
WM-217.png,WN02
WM-218.png,WN03
WM-219.png,WN04
WM-220.png,WN09
WM-221.png,WN01
WM-222.png,WN01
WM-223.png,WN07
WM-224.png,WN06
WM-225.png,WN01
WM-227.png,WN04
WM-228.png,WN09
WM-229.png,WN01
WM-230.png,WN04
WM-231.png,WN04
WM-232.png,WN01
WM-233.png,WN09
WM-234.png,WN01
WM-235.png,WN10
WM-236.png,WN04
WM-237.png,WN09
WM-238.png,WN09
WM-239.png,WN10
WM-240.png,WN01
WM-241.png,WN01
WM-242.png,WN05
WM-243.png,WN02
WM-244.png,WN07
WM-245.png,WN09
WM-247.png,WN09
WM-248.png,WN06
WM-249.png,WN03
WM-250.png,WN04
WM-251.png,WN09
WM-252.png,WN03
WM-253.png,WN01
WM-254.png,WN01
WM-255.png,WN01
WM-256.png,WN01
WM-257.png,WN01
WM-258.png,WN04
